{
  "num_folds": 5,
  "num_trials": 5000,
  "num_txtids": 317,
  "num_videos": 312,
  "total_valid_frames": 876446,
  "total_invalid_frames": 679593,
  "global_class_hist": [
    262610,
    23280,
    16300,
    17583,
    129285,
    106265,
    42977,
    278146
  ],
  "global_class_ratio": [
    0.29963055339404826,
    0.0265618189825728,
    0.018597837174224082,
    0.020061703744440617,
    0.14751051405334728,
    0.12124534768827742,
    0.049035536701633645,
    0.3173566882614559
  ],
  "best_score": 2.7165722686271727,
  "best_size_std": 0.4898979485566356,
  "best_mean_div": 0.05027609642211409,
  "best_max_div": 0.07226880980729355,
  "fold_distribution_divergence": {
    "fold_1_l2_to_global": 0.02178049784845157,
    "fold_2_l2_to_global": 0.07226880980729355,
    "fold_3_l2_to_global": 0.07196363553113604,
    "fold_4_l2_to_global": 0.02821162823137609,
    "fold_5_l2_to_global": 0.05715591069231323
  }
}