fold,num_videos,num_txtids,valid_frames,invalid_frames,l2_to_global
1,64,64,264466,173725,0.02178049784845157
2,64,64,155645,131723,0.07226880980729355
3,63,63,141908,106436,0.07196363553113604
4,63,63,167430,133067,0.02821162823137609
5,63,63,146997,134642,0.05715591069231323
