fold,class_0_count,class_0_ratio,class_1_count,class_1_ratio,class_2_count,class_2_ratio,class_3_count,class_3_ratio,class_4_count,class_4_ratio,class_5_count,class_5_ratio,class_6_count,class_6_ratio,class_7_count,class_7_ratio
1,75890,0.28695560109806173,7618,0.028805215037093615,3866,0.014618136168732464,6395,0.024180802069075042,38071,0.14395423230207285,35555,0.13444072205879018,14818,0.05602988663949241,82253,0.3110154046266817
2,53191,0.34174563911465194,1158,0.007440007709852549,371,0.0023836294130874748,1647,0.010581772623598574,21467,0.13792283722573806,15968,0.10259243791962479,5355,0.03440521700022487,56488,0.36292845899322174
3,40279,0.28383882515432535,5814,0.04097020604898949,6585,0.04640330354877808,999,0.007039772246807791,23289,0.16411336922513178,17107,0.12054993375990078,10442,0.0735828846858528,37393,0.26350170533021394
4,53012,0.3166218718270322,4274,0.025527085946365647,4745,0.028340201875410618,1486,0.00887535089291047,22856,0.1365107806247387,21175,0.1264707639013319,8660,0.0517231081646061,51222,0.30593083676760435
5,40238,0.2737334775539637,4416,0.030041429416926876,733,0.004986496323054212,7056,0.048000979611828816,23602,0.16056109988639225,16460,0.11197507432124465,3702,0.02518418743239658,50790,0.34551725545419293
